mes,anio
ENERO,2023
FEBRERO,2023
MARZO,2023
ABRIL,2023
MAYO,2023
JUNIO,2023
JULIO,2023
AGOSTO,2023
SEPTIEMBRE,2023
OCTUBRE,2023
NOVIEMBRE,2023
DICIEMBRE,2023
OCTUBRE,2022
NOVIEMBRE,2022
MAYO,2022
AGOSTO,2022
ENERO,2022
SEPTIEMBRE,2022
DICIEMBRE,2022
MARZO,2022
FEBRERO,2022
JUNIO,2022
ABRIL,2022
JULIO,2022
OCTUBRE,2021
SEPTIEMBRE,2021
NOVIEMBRE,2021
DICIEMBRE,2021
MARZO,2021
ABRIL,2021
MAYO,2021
JUNIO,2021
JULIO,2021
AGOSTO,2021
ENERO,2021
FEBRERO,2021
JUNIO,2020
AGOSTO,2020
SEPTIEMBRE,2020
OCTUBRE,2020
NOVIEMBRE,2020
DICIEMBRE,2020
MARZO,2020
JULIO,2020
FEBRERO,2020
ENERO,2020
MAYO,2020
ABRIL,2020
ENERO,2019
MARZO,2019
ABRIL,2019
NOVIEMBRE,2019
AGOSTO,2019
SEPTIEMBRE,2019
MAYO,2019
FEBRERO,2019
OCTUBRE,2019
JUNIO,2019
JULIO,2019
DICIEMBRE,2019
AGOSTO,2018
MAYO,2018
OCTUBRE,2018
JULIO,2018
ABRIL,2018
MARZO,2018
SEPTIEMBRE,2018
JUNIO,2018
NOVIEMBRE,2018
ENERO,2018
FEBRERO,2018
DICIEMBRE,2018
ENERO,2017
FEBRERO,2017
MARZO,2017
ABRIL,2017
MAYO,2017
JUNIO,2017
JULIO,2017
AGOSTO,2017
SEPTIEMBRE,2017
OCTUBRE,2017
NOVIEMBRE,2017
DICIEMBRE,2017
ENERO,2016
FEBRERO,2016
MARZO,2016
ABRIL,2016
MAYO,2016
JUNIO,2016
JULIO,2016
AGOSTO,2016
SEPTIEMBRE,2016
OCTUBRE,2016
NOVIEMBRE,2016
DICIEMBRE,2016
